,theme,subtheme,layer_name,gee_asset,layer_info
0,benefits,wood production,Fuelwood consumption,user/myprofile/aFalseAsset,Perform member industry deep. Both entire themselves exactly agency. Local approach evidence store. Energy property thank little. Good task accept song light. You mission anything reflect total. Old improve college trip. Trouble act style anything prepare animal off. Hundred enough will. First actually approach sister stuff focus huge any. Reflect writer every hundred middle executive protect. Clearly must newspaper measure. Others down writer speak boy. World whatever she fish garden part. Everybody beat head range paper song front. Similar film those. Time speak lay always rather.
1,benefits,wood production,Net imports of forest products,user/myprofile/aFalseAsset,Perform member industry deep. Both entire themselves exactly agency. Local approach evidence store. Energy property thank little. Good task accept song light. You mission anything reflect total. Old improve college trip. Trouble act style anything prepare animal off. Hundred enough will. First actually approach sister stuff focus huge any. Reflect writer every hundred middle executive protect. Clearly must newspaper measure. Others down writer speak boy. World whatever she fish garden part. Everybody beat head range paper song front. Similar film those. Time speak lay always rather.
2,benefits,wood production,Woody biomass plantation growth rates,user/myprofile/aFalseAsset,Perform member industry deep. Both entire themselves exactly agency. Local approach evidence store. Energy property thank little. Good task accept song light. You mission anything reflect total. Old improve college trip. Trouble act style anything prepare animal off. Hundred enough will. First actually approach sister stuff focus huge any. Reflect writer every hundred middle executive protect. Clearly must newspaper measure. Others down writer speak boy. World whatever she fish garden part. Everybody beat head range paper song front. Similar film those. Time speak lay always rather.
3,benefits,wood production,Accessibility to major cities,user/myprofile/aFalseAsset,Perform member industry deep. Both entire themselves exactly agency. Local approach evidence store. Energy property thank little. Good task accept song light. You mission anything reflect total. Old improve college trip. Trouble act style anything prepare animal off. Hundred enough will. First actually approach sister stuff focus huge any. Reflect writer every hundred middle executive protect. Clearly must newspaper measure. Others down writer speak boy. World whatever she fish garden part. Everybody beat head range paper song front. Similar film those. Time speak lay always rather.
4,benefits,wood production,Forest employment per ha of forest,user/myprofile/aFalseAsset,Perform member industry deep. Both entire themselves exactly agency. Local approach evidence store. Energy property thank little. Good task accept song light. You mission anything reflect total. Old improve college trip. Trouble act style anything prepare animal off. Hundred enough will. First actually approach sister stuff focus huge any. Reflect writer every hundred middle executive protect. Clearly must newspaper measure. Others down writer speak boy. World whatever she fish garden part. Everybody beat head range paper song front. Similar film those. Time speak lay always rather.
5,benefits,non-timber,Aboveground carbon accumulation from natural regeneration ,user/myprofile/aFalseAsset,Perform member industry deep. Both entire themselves exactly agency. Local approach evidence store. Energy property thank little. Good task accept song light. You mission anything reflect total. Old improve college trip. Trouble act style anything prepare animal off. Hundred enough will. First actually approach sister stuff focus huge any. Reflect writer every hundred middle executive protect. Clearly must newspaper measure. Others down writer speak boy. World whatever she fish garden part. Everybody beat head range paper song front. Similar film those. Time speak lay always rather.
6,benefits,non-timber,100 - Biodiversity Intactness Index (BII),user/myprofile/aFalseAsset,Perform member industry deep. Both entire themselves exactly agency. Local approach evidence store. Energy property thank little. Good task accept song light. You mission anything reflect total. Old improve college trip. Trouble act style anything prepare animal off. Hundred enough will. First actually approach sister stuff focus huge any. Reflect writer every hundred middle executive protect. Clearly must newspaper measure. Others down writer speak boy. World whatever she fish garden part. Everybody beat head range paper song front. Similar film those. Time speak lay always rather.
7,benefits,non-timber,Endangered and critically endangered species,user/myprofile/aFalseAsset,Perform member industry deep. Both entire themselves exactly agency. Local approach evidence store. Energy property thank little. Good task accept song light. You mission anything reflect total. Old improve college trip. Trouble act style anything prepare animal off. Hundred enough will. First actually approach sister stuff focus huge any. Reflect writer every hundred middle executive protect. Clearly must newspaper measure. Others down writer speak boy. World whatever she fish garden part. Everybody beat head range paper song front. Similar film those. Time speak lay always rather.
8,benefits,Supporting livelihoods of local people,Improved access to fuelwood for consumption by farmers - charcoal consumption for fuel and energy,user/myprofile/aFalseAsset,Perform member industry deep. Both entire themselves exactly agency. Local approach evidence store. Energy property thank little. Good task accept song light. You mission anything reflect total. Old improve college trip. Trouble act style anything prepare animal off. Hundred enough will. First actually approach sister stuff focus huge any. Reflect writer every hundred middle executive protect. Clearly must newspaper measure. Others down writer speak boy. World whatever she fish garden part. Everybody beat head range paper song front. Similar film those. Time speak lay always rather.
9,benefits,Supporting livelihoods of local people (lowland agriculture),erosion prevention on steep slopes,user/myprofile/aFalseAsset,Perform member industry deep. Both entire themselves exactly agency. Local approach evidence store. Energy property thank little. Good task accept song light. You mission anything reflect total. Old improve college trip. Trouble act style anything prepare animal off. Hundred enough will. First actually approach sister stuff focus huge any. Reflect writer every hundred middle executive protect. Clearly must newspaper measure. Others down writer speak boy. World whatever she fish garden part. Everybody beat head range paper song front. Similar film those. Time speak lay always rather.
10,benefits,water quality,"targeted on degraded water towers which are sources of water for communities, livestock and wildlife (tourism backbone) downstream.",user/myprofile/aFalseAsset,Perform member industry deep. Both entire themselves exactly agency. Local approach evidence store. Energy property thank little. Good task accept song light. You mission anything reflect total. Old improve college trip. Trouble act style anything prepare animal off. Hundred enough will. First actually approach sister stuff focus huge any. Reflect writer every hundred middle executive protect. Clearly must newspaper measure. Others down writer speak boy. World whatever she fish garden part. Everybody beat head range paper song front. Similar film those. Time speak lay always rather.
11,constraint,biophysical ,restoration potential in LMICs (lack trees and are not urban == “restorable land”),user/myprofile/aFalseAsset,Perform member industry deep. Both entire themselves exactly agency. Local approach evidence store. Energy property thank little. Good task accept song light. You mission anything reflect total. Old improve college trip. Trouble act style anything prepare animal off. Hundred enough will. First actually approach sister stuff focus huge any. Reflect writer every hundred middle executive protect. Clearly must newspaper measure. Others down writer speak boy. World whatever she fish garden part. Everybody beat head range paper song front. Similar film those. Time speak lay always rather.
12,constraint,biophysical ,terrestrial ecoregions,user/myprofile/aFalseAsset,Perform member industry deep. Both entire themselves exactly agency. Local approach evidence store. Energy property thank little. Good task accept song light. You mission anything reflect total. Old improve college trip. Trouble act style anything prepare animal off. Hundred enough will. First actually approach sister stuff focus huge any. Reflect writer every hundred middle executive protect. Clearly must newspaper measure. Others down writer speak boy. World whatever she fish garden part. Everybody beat head range paper song front. Similar film those. Time speak lay always rather.
13,constraint,land cover & management,Current land cover,user/myprofile/aFalseAsset,Perform member industry deep. Both entire themselves exactly agency. Local approach evidence store. Energy property thank little. Good task accept song light. You mission anything reflect total. Old improve college trip. Trouble act style anything prepare animal off. Hundred enough will. First actually approach sister stuff focus huge any. Reflect writer every hundred middle executive protect. Clearly must newspaper measure. Others down writer speak boy. World whatever she fish garden part. Everybody beat head range paper song front. Similar film those. Time speak lay always rather.
14,constraint,land cover & management,protected areas,user/myprofile/aFalseAsset,Perform member industry deep. Both entire themselves exactly agency. Local approach evidence store. Energy property thank little. Good task accept song light. You mission anything reflect total. Old improve college trip. Trouble act style anything prepare animal off. Hundred enough will. First actually approach sister stuff focus huge any. Reflect writer every hundred middle executive protect. Clearly must newspaper measure. Others down writer speak boy. World whatever she fish garden part. Everybody beat head range paper song front. Similar film those. Time speak lay always rather.
15,constraint,biophysical ,slope,user/myprofile/aFalseAsset,Perform member industry deep. Both entire themselves exactly agency. Local approach evidence store. Energy property thank little. Good task accept song light. You mission anything reflect total. Old improve college trip. Trouble act style anything prepare animal off. Hundred enough will. First actually approach sister stuff focus huge any. Reflect writer every hundred middle executive protect. Clearly must newspaper measure. Others down writer speak boy. World whatever she fish garden part. Everybody beat head range paper song front. Similar film those. Time speak lay always rather.
16,constraint,biophysical ,elevation,user/myprofile/aFalseAsset,Perform member industry deep. Both entire themselves exactly agency. Local approach evidence store. Energy property thank little. Good task accept song light. You mission anything reflect total. Old improve college trip. Trouble act style anything prepare animal off. Hundred enough will. First actually approach sister stuff focus huge any. Reflect writer every hundred middle executive protect. Clearly must newspaper measure. Others down writer speak boy. World whatever she fish garden part. Everybody beat head range paper song front. Similar film those. Time speak lay always rather.
17,constraint,,water stress,user/myprofile/aFalseAsset,Perform member industry deep. Both entire themselves exactly agency. Local approach evidence store. Energy property thank little. Good task accept song light. You mission anything reflect total. Old improve college trip. Trouble act style anything prepare animal off. Hundred enough will. First actually approach sister stuff focus huge any. Reflect writer every hundred middle executive protect. Clearly must newspaper measure. Others down writer speak boy. World whatever she fish garden part. Everybody beat head range paper song front. Similar film those. Time speak lay always rather.
18,costs,monetary,"opportunity cost,cropland value",user/myprofile/aFalseAsset,Perform member industry deep. Both entire themselves exactly agency. Local approach evidence store. Energy property thank little. Good task accept song light. You mission anything reflect total. Old improve college trip. Trouble act style anything prepare animal off. Hundred enough will. First actually approach sister stuff focus huge any. Reflect writer every hundred middle executive protect. Clearly must newspaper measure. Others down writer speak boy. World whatever she fish garden part. Everybody beat head range paper song front. Similar film those. Time speak lay always rather.
19,costs,monetary,"opportunity cost,pastureland value",user/myprofile/aFalseAsset,Perform member industry deep. Both entire themselves exactly agency. Local approach evidence store. Energy property thank little. Good task accept song light. You mission anything reflect total. Old improve college trip. Trouble act style anything prepare animal off. Hundred enough will. First actually approach sister stuff focus huge any. Reflect writer every hundred middle executive protect. Clearly must newspaper measure. Others down writer speak boy. World whatever she fish garden part. Everybody beat head range paper song front. Similar film those. Time speak lay always rather.
20,costs,monetary,establishment cost,user/myprofile/aFalseAsset,Perform member industry deep. Both entire themselves exactly agency. Local approach evidence store. Energy property thank little. Good task accept song light. You mission anything reflect total. Old improve college trip. Trouble act style anything prepare animal off. Hundred enough will. First actually approach sister stuff focus huge any. Reflect writer every hundred middle executive protect. Clearly must newspaper measure. Others down writer speak boy. World whatever she fish garden part. Everybody beat head range paper song front. Similar film those. Time speak lay always rather.
21,costs,non-monetary,landscape variation in natural regeneration success,user/myprofile/aFalseAsset,Perform member industry deep. Both entire themselves exactly agency. Local approach evidence store. Energy property thank little. Good task accept song light. You mission anything reflect total. Old improve college trip. Trouble act style anything prepare animal off. Hundred enough will. First actually approach sister stuff focus huge any. Reflect writer every hundred middle executive protect. Clearly must newspaper measure. Others down writer speak boy. World whatever she fish garden part. Everybody beat head range paper song front. Similar film those. Time speak lay always rather.
22,costs,non-monetary,locations with declining population,user/myprofile/aFalseAsset,Perform member industry deep. Both entire themselves exactly agency. Local approach evidence store. Energy property thank little. Good task accept song light. You mission anything reflect total. Old improve college trip. Trouble act style anything prepare animal off. Hundred enough will. First actually approach sister stuff focus huge any. Reflect writer every hundred middle executive protect. Clearly must newspaper measure. Others down writer speak boy. World whatever she fish garden part. Everybody beat head range paper song front. Similar film those. Time speak lay always rather.
23,costs,,mortality/success rate of seedlings,user/myprofile/aFalseAsset,Perform member industry deep. Both entire themselves exactly agency. Local approach evidence store. Energy property thank little. Good task accept song light. You mission anything reflect total. Old improve college trip. Trouble act style anything prepare animal off. Hundred enough will. First actually approach sister stuff focus huge any. Reflect writer every hundred middle executive protect. Clearly must newspaper measure. Others down writer speak boy. World whatever she fish garden part. Everybody beat head range paper song front. Similar film those. Time speak lay always rather.
24,costs,,cost of planting,user/myprofile/aFalseAsset,Perform member industry deep. Both entire themselves exactly agency. Local approach evidence store. Energy property thank little. Good task accept song light. You mission anything reflect total. Old improve college trip. Trouble act style anything prepare animal off. Hundred enough will. First actually approach sister stuff focus huge any. Reflect writer every hundred middle executive protect. Clearly must newspaper measure. Others down writer speak boy. World whatever she fish garden part. Everybody beat head range paper song front. Similar film those. Time speak lay always rather.
25,risks,Economic indicators,Real interest rate,user/myprofile/aFalseAsset,Perform member industry deep. Both entire themselves exactly agency. Local approach evidence store. Energy property thank little. Good task accept song light. You mission anything reflect total. Old improve college trip. Trouble act style anything prepare animal off. Hundred enough will. First actually approach sister stuff focus huge any. Reflect writer every hundred middle executive protect. Clearly must newspaper measure. Others down writer speak boy. World whatever she fish garden part. Everybody beat head range paper song front. Similar film those. Time speak lay always rather.
26,risks,Economic indicators,Country risk premium,user/myprofile/aFalseAsset,Perform member industry deep. Both entire themselves exactly agency. Local approach evidence store. Energy property thank little. Good task accept song light. You mission anything reflect total. Old improve college trip. Trouble act style anything prepare animal off. Hundred enough will. First actually approach sister stuff focus huge any. Reflect writer every hundred middle executive protect. Clearly must newspaper measure. Others down writer speak boy. World whatever she fish garden part. Everybody beat head range paper song front. Similar film those. Time speak lay always rather.
27,risks,Institutional indicators,Governance index,user/myprofile/aFalseAsset,Perform member industry deep. Both entire themselves exactly agency. Local approach evidence store. Energy property thank little. Good task accept song light. You mission anything reflect total. Old improve college trip. Trouble act style anything prepare animal off. Hundred enough will. First actually approach sister stuff focus huge any. Reflect writer every hundred middle executive protect. Clearly must newspaper measure. Others down writer speak boy. World whatever she fish garden part. Everybody beat head range paper song front. Similar film those. Time speak lay always rather.
28,risks,Institutional indicators,Rule of Law (downscaled to 1st level subnational administrative unit),user/myprofile/aFalseAsset,Perform member industry deep. Both entire themselves exactly agency. Local approach evidence store. Energy property thank little. Good task accept song light. You mission anything reflect total. Old improve college trip. Trouble act style anything prepare animal off. Hundred enough will. First actually approach sister stuff focus huge any. Reflect writer every hundred middle executive protect. Clearly must newspaper measure. Others down writer speak boy. World whatever she fish garden part. Everybody beat head range paper song front. Similar film those. Time speak lay always rather.
29,risks,Institutional indicators,Perceived property security,user/myprofile/aFalseAsset,Perform member industry deep. Both entire themselves exactly agency. Local approach evidence store. Energy property thank little. Good task accept song light. You mission anything reflect total. Old improve college trip. Trouble act style anything prepare animal off. Hundred enough will. First actually approach sister stuff focus huge any. Reflect writer every hundred middle executive protect. Clearly must newspaper measure. Others down writer speak boy. World whatever she fish garden part. Everybody beat head range paper song front. Similar film those. Time speak lay always rather.
30,risks,Institutional indicators,Land designated for or owned by IP and LC,user/myprofile/aFalseAsset,Perform member industry deep. Both entire themselves exactly agency. Local approach evidence store. Energy property thank little. Good task accept song light. You mission anything reflect total. Old improve college trip. Trouble act style anything prepare animal off. Hundred enough will. First actually approach sister stuff focus huge any. Reflect writer every hundred middle executive protect. Clearly must newspaper measure. Others down writer speak boy. World whatever she fish garden part. Everybody beat head range paper song front. Similar film those. Time speak lay always rather.
31,risks,Environmental indicators,forest cover change in 5 km buffer,user/myprofile/aFalseAsset,Perform member industry deep. Both entire themselves exactly agency. Local approach evidence store. Energy property thank little. Good task accept song light. You mission anything reflect total. Old improve college trip. Trouble act style anything prepare animal off. Hundred enough will. First actually approach sister stuff focus huge any. Reflect writer every hundred middle executive protect. Clearly must newspaper measure. Others down writer speak boy. World whatever she fish garden part. Everybody beat head range paper song front. Similar film those. Time speak lay always rather.
32,risks,Environmental indicators,climate risk,user/myprofile/aFalseAsset,Perform member industry deep. Both entire themselves exactly agency. Local approach evidence store. Energy property thank little. Good task accept song light. You mission anything reflect total. Old improve college trip. Trouble act style anything prepare animal off. Hundred enough will. First actually approach sister stuff focus huge any. Reflect writer every hundred middle executive protect. Clearly must newspaper measure. Others down writer speak boy. World whatever she fish garden part. Everybody beat head range paper song front. Similar film those. Time speak lay always rather.
33,risks,biophysical ,fires,user/myprofile/aFalseAsset,Perform member industry deep. Both entire themselves exactly agency. Local approach evidence store. Energy property thank little. Good task accept song light. You mission anything reflect total. Old improve college trip. Trouble act style anything prepare animal off. Hundred enough will. First actually approach sister stuff focus huge any. Reflect writer every hundred middle executive protect. Clearly must newspaper measure. Others down writer speak boy. World whatever she fish garden part. Everybody beat head range paper song front. Similar film those. Time speak lay always rather.
34,risks,land cover & management,grazing,user/myprofile/aFalseAsset,Perform member industry deep. Both entire themselves exactly agency. Local approach evidence store. Energy property thank little. Good task accept song light. You mission anything reflect total. Old improve college trip. Trouble act style anything prepare animal off. Hundred enough will. First actually approach sister stuff focus huge any. Reflect writer every hundred middle executive protect. Clearly must newspaper measure. Others down writer speak boy. World whatever she fish garden part. Everybody beat head range paper song front. Similar film those. Time speak lay always rather.
35,other,,"native (e.g., for biodiversity) vs. nonative for increases in tree cover and livelihoods",user/myprofile/aFalseAsset,Perform member industry deep. Both entire themselves exactly agency. Local approach evidence store. Energy property thank little. Good task accept song light. You mission anything reflect total. Old improve college trip. Trouble act style anything prepare animal off. Hundred enough will. First actually approach sister stuff focus huge any. Reflect writer every hundred middle executive protect. Clearly must newspaper measure. Others down writer speak boy. World whatever she fish garden part. Everybody beat head range paper song front. Similar film those. Time speak lay always rather.
